Keyword, Count
1397,1
1651,1
1652-1654,1
1658,1
1664-1667,1121
1666-1667,1
1667-1668,1
1672-1678,46
1673,4
1675-1676,1
1678,21184
1678-1679,1
1689-1697,2411
1692,1
1701-1714,9761301
1709,17
1718-1720,1
Aaron,1
Abiezer,1
Abraham,1
Administration of,21261
Administrative,1
Agriculture,4
Agriculture Agricultural education,1
Agriculture Agricultural innovations,1
Agriculture Agriculture,76
Agriculture Animal culture,4
Agriculture Annuities,2
Agriculture Answer to several objections against the Mine-Adventure,1
Agriculture Asgill,1
Agriculture Atlantic herring fisheries,1
Agriculture Attachment and garnishment,2
Agriculture Bampfield,1
Agriculture Banks and banking,1
Agriculture Bateman,1
Agriculture Burges,1
Agriculture Case of the coasting-fishermen of the kingdom of Great Britain,1
Agriculture Caton (Manor : Lancashire),1
Agriculture Charitable uses,1
Agriculture Christian life,1
Agriculture Church lands,6
Agriculture Church of England,1
Agriculture Cider,1
Agriculture Civil law,1
Agriculture Claims against decedents' estates,3
Agriculture Clancarty,1
Agriculture Cleveland,1
Agriculture Coal,1
Agriculture Coal mines and mining,3
Agriculture Coal trade,1
Agriculture Commons,4
Agriculture Company of Free-Fishermen of the River of Thames,2
Agriculture Company of Scotland Trading to Africa and the Indies,1
Agriculture Company of the Royal Fishery of England,9
Agriculture Conveyancing,1
Agriculture Copyhold,2
Agriculture Corporate reorganizations,1
Agriculture Corporation of the Mine Adventurers of England,26
Agriculture Crown lands,1
Agriculture Debts,1
Agriculture Deeds,1
Agriculture Deer hunting,2
Agriculture Depopulation (Criminal law),1
Agriculture Detention of persons,1
Agriculture Distillation,1
Agriculture Drainage,6
Agriculture Drainage laws,1
Agriculture Enfield Chase (London,1
Agriculture England,4
Agriculture Episcopacy,1
Agriculture Estates (Law),1
Agriculture Exeter,1
Agriculture Fens,6
Agriculture Feudal law,1
Agriculture Feudalism,1
Agriculture Finance,1
Agriculture Fish trade,3
Agriculture Fish-culture,2
Agriculture Fisheries,32
Agriculture Fishery law and legislation,4
Agriculture Fishery policy,1
Agriculture Fishing Society (Scotland),2
Agriculture Fishing boats,1
Agriculture Fitzgerald,2
Agriculture Flax,2
Agriculture Flower gardening,1
Agriculture Foreign fishing,2
Agriculture Forest landowners,1
Agriculture Forest surveys,1
Agriculture Forestry law and legislation,5
Agriculture Forests and forestry,13
Agriculture Forfeiture,4
Agriculture Forth,1
Agriculture Frideswide's Meadow (Oxford),1
Agriculture Fruit-culture,8
Agriculture Fuelwood crops,1
Agriculture Galmoy,1
Agriculture Game laws,4
Agriculture Gardening,14
Agriculture Gavelkind,2
Agriculture Governor and Company for Making Hollow-Sword-Blades in England,3
Agriculture Governour and Court of Assistants of the Company of Copper-miners in England,1
Agriculture Grain,1
Agriculture Grain trade,1
Agriculture Great Britain,5
Agriculture Haldane,1
Agriculture Handbooks,1
Agriculture Hawkins,1
Agriculture Herring fisheries,3
Agriculture Herring industry,1
Agriculture Home economics,1
Agriculture Hops,1
Agriculture Horticulture,1
Agriculture Hunting,1
Agriculture Inclosures,7
Agriculture Industrial arts,1
Agriculture Inheritance and succession,2
Agriculture Interest,2
Agriculture Ireland,3
Agriculture Iron,1
Agriculture Irrigation engineering,1
Agriculture Killigrew,1
Agriculture Land capability for agriculture,7
Agriculture Land grants,3
Agriculture Land settlement,1
Agriculture Land tenure,19
Agriculture Land titles,18
Agriculture Land use,1
Agriculture Landlord and tenant,5
Agriculture Landowners,1
Agriculture Lead mines and mining,2
Agriculture Leases,1
Agriculture Legal instruments,1
Agriculture Levellers,2
Agriculture Lindsey,1
Agriculture Livestock,2
Agriculture Lloyd,1
Agriculture Lobster industry,3
Agriculture Mackworth,2
Agriculture Manorial courts,1
Agriculture Manors,3
Agriculture Maritime law,1
Agriculture Mary,1
Agriculture Mensuration,1
Agriculture Metallurgy,3
Agriculture Metals,2
Agriculture Mine safety,1
Agriculture Mineralogy,2
Agriculture Miners,1
Agriculture Mines and mineral resources,9
Agriculture Mining law,2
Agriculture Mulberry,1
Agriculture Newcastle,1
Agriculture Nobility,1
Agriculture Norfolk,1
Agriculture Northumberland peerage claim,1
Agriculture Nurseries (Horticulture),1
Agriculture Oyster fisheries,1
Agriculture Pantograph,1
Agriculture Poaching,1
Agriculture Potatoes,1
Agriculture Powell,2
Agriculture Primatt,2
Agriculture Priorities of claims and liens,1
Agriculture Pryse,1
Agriculture Purveyance,1
Agriculture Ranelagh,2
Agriculture Ready-reckoners,1
Agriculture Real property,3
Agriculture Reasons humbly offer'd for passing the Bill for preventing the importation of fresh fish caught by foreigners,1
Agriculture Reproduction of money,1
Agriculture Respect for persons,1
Agriculture Sainfoin,1
Agriculture Salmon industry,1
Agriculture Salt industry and trade,1
Agriculture Sandes,1
Agriculture Saye and Sele,1
Agriculture Scotland,1
Agriculture Sea-power,1
Agriculture Sericulture,2
Agriculture Sewerage,1
Agriculture Shiers,1
Agriculture Silver mines and mining,1
Agriculture Soil productivity,1
Agriculture Some reflections on Mr. Asgill's Essay on a registry for titles of lands,1
Agriculture Steam-engines,1
Agriculture Surveying,9
Agriculture Tariff on farm produce,1
Agriculture Tin mines and mining,1
Agriculture Tithes,1
Agriculture To the King's most excellent Majesty. The humble address of the nobility,1
Agriculture Tobacco,2
Agriculture Trees,1
Agriculture United States,1
Agriculture Vanden Bemde,1
Agriculture Vegetable gardening,1
Agriculture Vendors and purchasers,1
Agriculture Vermuyden,2
Agriculture Veterinary medicine,1
Agriculture Viticulture,1
Agriculture Waller,1
Agriculture Water-supply,1
Agriculture Well-wisher to the publick interest of the nation,1
Agriculture Whaling,2
Agriculture Willoughby,1
Agriculture Wool industry,1
Alexander,1
Algernon Percy,1
Andrew,1
Angela Margarita,1
Anthony,1
Anthony Ashley Cooper,1
Archibald,213
Archibald Campbell,1
Armand Boisbeleau de,1
Arthur,1
Battle of,11
Battle of the,1
Benjamin,1111
Bishopsgate (Church : London,1
Blaise-Henri de Corte,1
Books Before 1600 Agriculture,1
Books Before 1600 Bee culture,1
Books Before 1600 Bread,1
Books Before 1600 Dyes and dyeing,1
Books Before 1600 Fish ponds,1
Books Before 1600 Fish-culture,1
Books Before 1600 Industrial arts,1
Books Before 1600 London (England),1
Books Before 1600 Poets,1
Books Before 1601 Agriculture,1
Books Before 1601 Interest,1
British,12
Capell,1
Carbery,1
Carl,1
Charles,41111111111
Charles Gerard,2
Charles Montagu,1
Charles Mordaunt,1
Charles Talbot,1
Charles Townshend,1
Christopher,12
Christopher Monck,1
Colonies America,1
Colonies Bahamas,1
Colonies Banks and banking,4
Colonies Barbados,3
Colonies Christian education of children,1
Colonies Clifford,4
Colonies Free Society of Traders in Pennsylvania,1
Colonies God,1
Colonies Great Britain,3
Colonies Guiana,1
Colonies Hamilton,2
Colonies Indians of North America,1
Colonies Insurance,1
Colonies Iron industry and trade,3
Colonies Jamaica,2
Colonies Land tenure,1
Colonies Law,3
Colonies Lutheran Church,1
Colonies Madagascar,1
Colonies Massachusetts,1
Colonies Missions,1
Colonies Missions to African Americans,2
Colonies Mississippi River Valley,1
Colonies Newfoundland and Labrador,2
Colonies North Carolina,1
Colonies Panama,1
Colonies Royal African Company,1
Colonies Saint Helena,1
Colonies Salt industry and trade,1
Colonies Slave trade,1
Colonies Soto,1
Colonies South Carolina,2
Colonies Southern States,1
Colonies Sugar trade,2
Colonies Sugarcane industry,1
Colonies Tariff on sugar,2
Colonies Tin,1
Colonies Tobago,2
Colonies United States,2
Colonies Virginia,2
Commerce,7
Commerce Abell,2
Commerce Accounting,2
Commerce Adventure (Merchant Ship),1
Commerce Adventurers to Affrica (Firm),1
Commerce Africa,1
Commerce Albemarle,1
Commerce Aliens,3
Commerce Alum industry,2
Commerce Ambon Island (Indonesia),1
Commerce Anglo-Dutch War,1
Commerce Animal industry,1
Commerce Answer to the most material objections that have been raised against restraining the East-India trade,1
Commerce Antelope (Packet),1
Commerce Army-Navy stores,1
Commerce Avery,1
Commerce Bakers and bakeries,2
Commerce Balance of trade,12
Commerce Barbados,1
Commerce Bartholomew Fair,1
Commerce Beef industry,1
Commerce Beer,2
Commerce Belgium,2
Commerce Bethel,1
Commerce Bills of exchange,1
Commerce Boards of trade,1
Commerce Bobbin lace,1
Commerce Bookkeeping,4
Commerce Brandy,4
Commerce Brass industry and trade,1
Commerce Bread,2
Commerce Bread industry,1
Commerce Brewing industry,3
Commerce Bristol (England),1
Commerce Brokers,1
Commerce Buccaneers,1
Commerce Building materials,1
Commerce Burial laws,1
Commerce Business,1
Commerce Business ethics,3
Commerce Butter,1
Commerce Button industry,2
Commerce Carriages and carts,1
Commerce Casa de Contratacií_n (Spain),3
Commerce Cattle,1
Commerce Cattle trade,2
Commerce Chair caning,2
Commerce Charles,1
Commerce Charles (Ship),2
Commerce Chidley,1
Commerce Child,1
Commerce Christian life,1
Commerce Church of England,1
Commerce City of London (England),1
Commerce Claims against decedents' estates,2
Commerce Claret,2
Commerce Clay industries,1
Commerce Clothing trade,4
Commerce Clowdesley,1
Commerce Coal,10
Commerce Coal trade,3
Commerce Cochineal,2
Commerce Cocoa,1
Commerce Codfish,1
Commerce Commerce,19
Commerce Commercial agents,2
Commerce Commercial law,2
Commerce Commercial products,1
Commerce Commissioners of supply (Scotland),1
Commerce Compagnie des Indes orientales,1
Commerce Company of Merchant Adventurers of England,17
Commerce Company of Merchants of England Trading to the Levant,11
Commerce Company of Scotland Trading to Africa and the Indies,26
Commerce Conduct of life,1
Commerce Considerations upon the trade to Guinea,1
Commerce Copper industry and trade,5
Commerce Corn industry,1
Commerce Corporation law,1
Commerce Corporation of London (England),3
Commerce Corso,1
Commerce Council of Trade (Scotland),1
Commerce Courten,7
Commerce Crow,1
Commerce Cuming,1
Commerce Customs administration,4
Commerce Davenant,4
Commerce Davenport,1
Commerce Debts,1
Commerce Dee,1
Commerce Defoe,3
Commerce Dice,1
Commerce Dorrill,1
Commerce Drainage,1
Commerce Drawbacks,2
Commerce Duty-free importation,1
Commerce Dyers' Company (London,1
Commerce East India Company,101
Commerce Eastland Company,2
Commerce Embargo,1
Commerce England,4
Commerce England and Wales,10
Commerce English Company Trading to the East-Indies,2
Commerce Exchange,1
Commerce Exeter Fair,1
Commerce Fans,1
Commerce Finance,1
Commerce Fish trade,1
Commerce Fisheries,1
Commerce Flags,1
Commerce Food industry and trade,1
Commerce Food law and legislation,1
Commerce Food prices,6
Commerce Food supply,5
Commerce Foreign enlistment,1
Commerce Foreign trade regulation,11
Commerce Foyer,1
Commerce France,5
Commerce Free ports and zones,2
Commerce Free trade,2
Commerce Freedom of the press,1
Commerce Fruit trade,1
Commerce Gambia River,1
Commerce Gentleman in the country,1
Commerce Gibraltar,1
Commerce Glass manufacture,1
Commerce Governour and Company of Merchants Trading to the Canaria-Islands,1
Commerce Grain,1
Commerce Grain trade,4
Commerce Grand Alliance,2
Commerce Great Britain,189
Commerce Grocers' Company (London,1
Commerce Halifax,1
Commerce Harbors,2
Commerce Harris,1
Commerce Hellen,1
Commerce Hides and skins industry,1
Commerce Hotels,1
Commerce Hudson's Bay Company,1
Commerce HíÇpital des Incurables de Paris (Paris,1
Commerce India,1
Commerce Indonesia,2
Commerce Interest,1
Commerce Ireland,3
Commerce Iron industry and trade,2
Commerce Isle of Man,1
Commerce Jencks,1
Commerce Jewish merchants,1
Commerce Jews,1
Commerce John (Ship),1
Commerce Joint ventures,1
Commerce Joseph,1
Commerce Kilvert,1
Commerce King Ferdinando (Ship),1
Commerce Larceny,1
Commerce Law merchant,4
Commerce Leadstone,1
Commerce Leather industry and trade,5
Commerce Lent,7
Commerce Linen,2
Commerce Linen industry,5
Commerce Liquor laws,1
Commerce Liquors,1
Commerce Lumbermen,1
Commerce Mackenzie,1
Commerce Maritime law,13
Commerce Markets,2
Commerce Martha (Ship : 1696?),1
Commerce Martyn,1
Commerce Massacres,2
Commerce Meat industry and trade,6
Commerce Mediterranean Sea,1
Commerce Merchant marine,4
Commerce Merchant mariners,2
Commerce Merchant ships,3
Commerce Merchants,211
Commerce Molasses industry,1
Commerce Molyneux,1
Commerce Monopolies,7
Commerce Morocco,1
Commerce Municipal charters,1
Commerce Municipal corporations,2
Commerce Muscovy Company,3
Commerce Natural history,1
Commerce Nautical charts,1
Commerce Naval convoys,1
Commerce Navigation,1
Commerce Nederlandsche Oost-Indische Compagnie,2
Commerce Netherlands,6
Commerce Neutral trade with belligerents,1
Commerce New Caledonia (Colony),9
Commerce Objections to the Bill for establishing the trade to Africa in a regulated company,1
Commerce Office of Publick Advice (London,1
Commerce Ordnance,1
Commerce Oxenden,1
Commerce Paper industry,3
Commerce Peddlers and peddling,1
Commerce Pennsylvania,1
Commerce Pepper (Spice),1
Commerce Pergens,1
Commerce Pharmaceutical industry,1
Commerce Pins and needles,1
Commerce Plague,2
Commerce Plantation owners,1
Commerce Political parties,1
Commerce Pollexfen,1
Commerce Portland,1
Commerce Pottery,21
Commerce Povey,1
Commerce Powell,1
Commerce Precious metals,2
Commerce Prices,17
Commerce Printing,1
Commerce Printing industry,1
Commerce Prior,1
Commerce Privateering,5
Commerce Privateers,1
Commerce Prize law,1
Commerce Protectionism,2
Commerce Publique Register for Generall Commerce (England and Wales),1
Commerce Raleigh,1
Commerce Retail trade,1
Commerce Rigby,3
Commerce Romney Marsh (England),1
Commerce Rope trade,1
Commerce Royal African Company,87
Commerce Royal Lustring Company (London,1
Commerce Sailors,2
Commerce Saint Kitts and Nevis,1
Commerce Sale of public office,1
Commerce Salt industry and trade,2
Commerce Salted fish,2
Commerce Saltpeter,3
Commerce Scotland,20
Commerce Scots,1
Commerce Sea control,5
Commerce Sea-power,4
Commerce Seizure of vessels and cargoes,1
Commerce Sermons,1
Commerce Ship captains,1
Commerce Ship registers,2
Commerce Shipping,4
Commerce Ships,2
Commerce Shoes,1
Commerce Silk,1
Commerce Silk industry,24
Commerce Skinner,1
Commerce Slave labor,1
Commerce Slave trade,14
Commerce Slaves,1
Commerce Smuggling,2
Commerce South Sea Company,17
Commerce Spain,2
Commerce Spanish Succession,9
Commerce Spice trade,1
Commerce Staple system,1
Commerce Starch industry,2
Commerce Stock exchanges,1
Commerce Success (Ship),1
Commerce Sugar,1
Commerce Sugar trade,1
Commerce Sweden,1
Commerce Tangier (Morocco),1
Commerce Tar,1
Commerce Tariff,8
Commerce Tariff on books,1
Commerce Tariff on textile fabrics,3
Commerce Tariff on wine,1
Commerce Tenche,1
Commerce Textile industry,6
Commerce Thames River (England),1
Commerce Thread,2
Commerce Tin,1
Commerce Tin industry,1
Commerce Tobacco,7
Commerce Tobacco industry,2
Commerce Tonnage fees,1
Commerce Towne,1
Commerce Trade regulation,2
Commerce Trading companies,7
Commerce Trials (Conspiracy),1
Commerce Turpentine industry and trade,1
Commerce United Company,1
Commerce Vintners,1
Commerce War,11
Commerce Ward,1
Commerce Warner,2
Commerce Wealth,1
Commerce Weavers,1
Commerce Weights and measures,2
Commerce Weltden,1
Commerce White,2
Commerce Winchcombe,1
Commerce Wine,16
Commerce Wine and wine making,13
Commerce Wine industry,5
Commerce Wire products industry,1
Commerce Wives,1
Commerce Wool,3
Commerce Wool industry,67
Commerce Wool industry and trade,1
Concino,1
Constantine,1
Corn Laws Corn laws (Great Britain),1
Corn Laws Distilling industries,1
Corn Laws Grain,1
Corn Laws Grain trade,7
Cornelius,12
Cyprian,1
Daniel,324163
Danish,1
David,13
Declaration of,1
Disabled,1
Distillation of,2
Dorothy,11
Dutch,1
Ecclesiastical,33
Edible,1
Edmund,21111
Edmund Berry,2
Edward,1211111211
Edward Griffin,1
Elizabeth,12
Elizabeth Maccarthy,1
England,1
England),1111183411116231111121131141111111122121
English,111131111122
Ethics of,11
Europe,3
Eustace,1
Farming of,22
Fifteenth Century Africa,1
Fifteenth Century Agriculture,1
Fifteenth Century Arithmetic,1
Fifteenth Century Bookkeeping,1
Fifteenth Century Charity,1
Fifteenth Century Chicken industry,1
Fifteenth Century Church of England,1
Fifteenth Century Customs administration,1
Fifteenth Century Fertilizers,1
Fifteenth Century Fisheries,2
Fifteenth Century Florence (Italy),1
Fifteenth Century Forestry law and legislation,1
Fifteenth Century Great Britain,3
Fifteenth Century Inventions,1
Fifteenth Century Italy,1
Fifteenth Century Justices of the peace,1
Fifteenth Century Kent (England),1
Fifteenth Century Marriage,1
Fifteenth Century Plants,1
Fifteenth Century Poor,1
Fifteenth Century Prizes,1
Fifteenth Century Reformation,1
Fifteenth Century Reversion,1
Fifteenth Century Spain,1
Fifteenth Century Spice trade,1
Fifteenth Century Taxation,1
Fifteenth Century Universities and colleges,1
Fifteenth Century Usury,3
Fifteenth Century Wheat trade,1
Finance,3
Finance Accounting,2
Finance Administration of estates,2
Finance Adulterated coins,1
Finance Agricultural credit,2
Finance Agriculture,1
Finance Alcoholic beverages,4
Finance Ale,2
Finance Aliens,1
Finance Ames,1
Finance Anglo-Dutch War,1
Finance Annuities,2
Finance Archives,1
Finance Argument to shew the disadvantage that would accrue to the publick,1
Finance Arithmetic,3
Finance Asgill,1
Finance Auditors,1
Finance Audley,1
Finance Bank capital,2
Finance Bank dialogue between Dr. H.C. and a country gentleman,2
Finance Bank notes,1
Finance Bank of Credit (London,8
Finance Bank of England,41
Finance Bank of Scotland,3
Finance Bankruptcy,6
Finance Banks and banking,34
Finance Beds,3
Finance Beer,11
Finance Benefices,3
Finance Bible,2
Finance Bills of exchange,5
Finance Blacker,1
Finance Blunt,2
Finance Boit,1
Finance Bookkeeping,10
Finance Bounties,1
Finance Bradley,1
Finance Branch banks,2
Finance Brandy,2
Finance Bread,2
Finance Brewing industry,2
Finance Bribery,1
Finance Briscoe,3
Finance British Mercury,1
Finance Brokers,5
Finance Brooke,2
Finance Budgell,1
Finance Building laws,1
Finance Building materials,1
Finance Business,1
Finance Business mathematics,1
Finance Cab and omnibus service,1
Finance Calico-printing,1
Finance Candles,4
Finance Cards,3
Finance Case of the auditors and receivers of His Majesty's revenue,1
Finance Case of the free-holders and miners of and within the respective parishes of Asheover,1
Finance Catholics,1
Finance Chamberlen,2
Finance Charitable Corporation (London,3
Finance Child,1
Finance Church,1
Finance Church and state,2
Finance Church finance,2
Finance Church lands,8
Finance Church maintenance and repair,3
Finance Church of England,7
Finance Church property,2
Finance City of London (England),3
Finance Civil list,2
Finance Clay industries,1
Finance Clayton,1
Finance Clement,4
Finance Clergy,1
Finance Clothing and dress,1
Finance Clothing trade,1
Finance Coach drivers,1
Finance Coal,5
Finance Cocoa,2
Finance Coffee,1
Finance Coinage,70
Finance Coins,111
Finance Collecting of accounts,2
Finance Commerce,2
Finance Compagnie des Indes,1
Finance Company of Scotland Trading to Africa and the Indies,2
Finance Company of White-Paper-Makers,1
Finance Constables,1
Finance Contracts,1
Finance Cony,1
Finance Cooke,1
Finance Copper coins,4
Finance Cordage industry,1
Finance Cornstarch,1
Finance Corporation law,1
Finance Corporation of London,1
Finance Corporation of the Mine Adventurers of England,2
Finance Costs (Law),1
Finance Counterfeiters,1
Finance Counterfeits and counterfeiting,1
Finance Courten,2
Finance Cox,1
Finance Credit,10
Finance Cromwell,1
Finance Crookshanks,1
Finance Crown lands,1
Finance Culpepper,1
Finance Currency question,83
Finance Customs administration,16
Finance Dacre,1
Finance Damages,1
Finance Davenport,1
Finance Debt,1
Finance Debt relief,3
Finance Debtor and creditor,5
Finance Debts,54
Finance Default (Finance),2
Finance Defoe,2
Finance Devaluation of currency,5
Finance Drugs,1
Finance Duty-free importation,1
Finance Dwellings,1
Finance East India Company,5
Finance Ecclesiastical law,6
Finance Ellwood,2
Finance Embezzlement,1
Finance England,2
Finance England and Wales,38
Finance English Company Trading to the East-Indies,4
Finance Essex,1
Finance Excise tax,29
Finance Excise taxation,1
Finance False imprisonment,1
Finance Fees,1
Finance Finance,4265
Finance Fines (Penalties),1
Finance Fire Office (London,4
Finance Fire Society (London,1
Finance Fisheries,4
Finance Food industry and trade,1
Finance Food law and legislation,1
Finance Food prices,2
Finance Forced loans,1
Finance Foreign exchange,3
Finance Foreign trade promotion,1
Finance Foreign trade regulation,1
Finance Fortune,1
Finance France,1
Finance Fraud,1
Finance Freight and freightage,1
Finance Friendly Society (London,1
Finance Funeral service,1
Finance Gambling,1
Finance Gambling systems,1
Finance George,1
Finance Glass manufacture,3
Finance Goddard,1
Finance Gold,1
Finance Gold coins,9
Finance Gold thread,2
Finance Goodwin,1
Finance Government lending,1
Finance Government securities,1
Finance Grain trade,1
Finance Grand Alliance,4
Finance Grascome,1
Finance Great Britain,91
Finance Grocers' Company (London,1
Finance Guinea (Coin),11
Finance Guineas at 21 s. 6 d. will make money plenty,1
Finance Halford,1
Finance Hallungius,1
Finance Hammond,1
Finance Hampden,2
Finance Handkerchiefs,1
Finance Hats,1
Finance Hearth-money,7
Finance Hides and skins,7
Finance Hoadly,1
Finance Hodges,11
Finance Homage (Feudal law),1
Finance Homeowner's insurance,1
Finance Hops,1
Finance Horses,1
Finance Hutcheson,3
Finance Income tax,1
Finance Inheritance and transfer tax,1
Finance Insurance,165101
Finance Interest,33
Finance Interest rates,3
Finance Internal revenue,2
Finance Internal revenue law,1
Finance Inventories,11
Finance Ireland,7
Finance Iron industry and trade,1
Finance Jews,1
Finance Jones,3
Finance King Philip's War,1
Finance Lace industry,1
Finance Land Bank (London,16
Finance Land bank,1
Finance Land banks,22
Finance Land grants,1
Finance Land settlement,1
Finance Land tenure,1
Finance Land titles,3
Finance Land value taxation,2
Finance Landowners,1
Finance Law,21
Finance Leather,10
Finance Leather industry and trade,3
Finance Legal tender,9
Finance License system,1
Finance Linen,3
Finance Linen industry,2
Finance Linseed oil,1
Finance Liquor industry,1
Finance Liquor laws,1
Finance Liquors,2
Finance Littleton,1
Finance Livestock,2
Finance Loans,12
Finance Local taxation,2
Finance Locke,1
Finance Lombard loans,1
Finance London (England),4
Finance Lotteries,35
Finance Lowndes,1
Finance Mackworth,2
Finance Malt,10
Finance Malt industry,1
Finance Manley,1
Finance Maritime law,1
Finance Markets,1
Finance Marlborough,2
Finance Marriage licenses,1
Finance Medals,1
Finance Mercenary troops,2
Finance Million-Bank (London,2
Finance Missions,1
Finance Molasses,1
Finance Monetary policy,1
Finance Money,39
Finance Money supply,4
Finance Naturalization,1
Finance Negotiable instruments,1
Finance Nevell,1
Finance Numismatics,1
Finance Ormonde,1
Finance Orphans,1
Finance Paper,6
Finance Paper industry,2
Finance Paper money,7
Finance Paperboard,3
Finance Paschall,1
Finance Paterson,8
Finance Payne,2
Finance Pergens,1
Finance Petty,12
Finance Philip,1
Finance Phipps,1
Finance Plate,1
Finance Political corruption,1
Finance Political satire,1
Finance Poll tax,6
Finance Poor,3
Finance Popish Plot,2
Finance Postage stamps,1
Finance Pottery,1
Finance Povey,1
Finance Powell,1
Finance Precious metals,1
Finance Prerogative,1
Finance Press law,1
Finance Price regulation,1
Finance Privateering,2
Finance Prize law,3
Finance Prizes,9
Finance Promissory notes,1
Finance Property tax,1
Finance Public welfare,1
Finance Purveyance,1
Finance Quakers,2
Finance Raisins,2
Finance Ram,1
Finance Ready-reckoners,4
Finance Real property,1
Finance Real property tax,6
Finance Rent,1
Finance Rental housing,1
Finance Revenue,5
Finance Revenue-stamps,1
Finance Rice,2
Finance Richard Thompson and Company (London,3
Finance Rotherham,1
Finance Royal African Company,1
Finance Rye,1
Finance Salt,7
Finance Salt industry and trade,1
Finance Sampson (Ship),1
Finance Saving and investment,7
Finance Scotland,15
Finance Seizure of vessels and cargoes,1
Finance Selden,3
Finance Ship-money,8
Finance Shoe industry,1
Finance Signs and signboards,1
Finance Silk,5
Finance Silk industry,2
Finance Silver,2
Finance Silver coins,1
Finance Simony,1
Finance Soap,7
Finance Soap trade,1
Finance Society of Friends,1
Finance South Sea Company,87
Finance Spanish Succession,7
Finance Speculation,3
Finance Spending tax,1
Finance St. Dunstan's in the West (Church : London,1
Finance St. Helen,1
Finance Stamp-duties,7
Finance Starch,1
Finance Stock exchanges,6
Finance Stocks,3
Finance Sugar,2
Finance Sugar trade,1
Finance Surety of the peace,1
Finance Tallies,1
Finance Tallow,1
Finance Tare,2
Finance Tariff,62
Finance Tariff on coffee,1
Finance Tariff on leather garments,2
Finance Tariff on metal products,1
Finance Tariff on paper,3
Finance Tariff on sugar,2
Finance Tariff on textile fabrics,8
Finance Tariff on tobacco-pipes,1
Finance Tariff on wine,7
Finance Tariff on wines,1
Finance Tariff on wire,1
Finance Tariff on wool,2
Finance Tax assessment,3
Finance Tax collection,10
Finance Tax evasion,1
Finance Tax exemption,2
Finance Tax incidence,2
Finance Tax remission,1
Finance Taxation,63
Finance Taxes,2
Finance Temptation,1
Finance Textile fabrics,4
Finance Textile industry,4
Finance Thorpe,1
Finance Tin,2
Finance Tithes,70
Finance Tithes (Jewish law),1
Finance To the honourable the Parliament of the commonwealth of England. The humble petition of us gentlemen,1
Finance Tobacco,8
Finance Tokens,2
Finance Tonnage fees,1
Finance Torbay (England),1
Finance Traders Exchange-House (London weather),1
Finance Transportation,1
Finance Travel,1
Finance Treasury bills,2
Finance Truth,1
Finance Undertakers and undertaking,1
Finance United Society on Births,1
Finance University of Cambridge,2
Finance University of Glasgow,1
Finance University presses,1
Finance Usury,15
Finance Usury stated,1
Finance Vindication of the former letter,1
Finance Wagstaffe,2
Finance Wall,1
Finance Walpole,3
Finance Water,2
Finance Wealth,1
Finance Wealth tax,1
Finance Weights and measures,12
Finance Whitaker,2
Finance Wigs,1
Finance Williamson,1
Finance Windows,1
Finance Wine and wine making,4
Finance Withall,1
Finance Wool,1
Finance Wool industry,11
Finance Work release of prisoners,1
Finance Worshipful Company of Goldsmiths,3
Finance Worshipful Company of Gunmakers of the City of London,1
Finance Yarn,1
Fire,161
Foreign,111
France,1
France),1
Frances Weston,1
Francis,11611
Franciscus Mercurius van,1
General,1
General Abercromby,1
General Accounting,1
General Addison,1
General Advantages of Scotland by an incorporate union with England,1
General Algeria,1
General Almanacs,3
General Ambassadors,1
General America,1
General Amnesty,2
General Answer and confutation of that groundlesse vindication of Psal. 105.15 (Touch not mine anoynted,1
General Apologetics,1
General Asgill,1
General Asia,1
General Balance of trade,1
General Balkan Peninsula,1
General Barrier treaty,1
General Bees,1
General Beverages,1
General Black,1
General Borders of England (England),1
General Boroughs,1
General Business education,3
General Business ethics,2
General Calendar,1
General Charles,1
General China,4
General Christian life,2
General Church and state,1
General Church of England,2
General Civics,1
General Civilization,1
General Coal,1
General Colbert,1
General Commerce,4
General Commercial law,1
General Committee of Adventurers for Lands in Ireland,1
General Company of Scotland Trading to Africa and the Indies,2
General Conduct of life,2
General Cornwall (England : County),1
General Cromwell,1
General Customary law,1
General Debts,1
General Defoe,4
General Denmark,1
General Devolution,1
General Discoveries in geography,1
General Dunton,1
General Economics,4
General Education,1
General Encyclopedias and dictionaries,1
General England,9
General England and Wales,7
General Ethics,1
General Europe,4
General Finance,2
General Fisheries,1
General Forms (Law),3
General France,9
General Free thought,1
General Geography,1
General Germany,1
General Gloucester (England),1
General Great Britain,139
General Guiana,1
General Hebrides (Scotland),1
General Howell,1
General Human beings,1
General India,2
General Indians of North America,1
General Indochina,1
General Interest,1
General International law,1
General Inventions,1
General Iran,1
General Ireland,17
General Islam,1
General Justice,2
General Land titles,2
General Law,19
General Le Comte,1
General Levellers,2
General London (England),7
General Louis,1
General Maritime law,1
General Merchants,1
General Mining claims,1
General Mississippi River Valley,1
General Monetary policy,1
General Money,1
General Morocco,1
General Natural history,2
General Naturalization,1
General Naval battles,1
General Nederlandsche Oost-Indische Compagnie,1
General Netherlands,13
General Norwich (England),1
General Ordinances,1
General Ormonde,1
General Paper money,1
General Paris (France),2
General Peace treaties,1
General Person of honour,1
General Plague,1
General Pleas of the crown,1
General Political science,7
General Poor,1
General Porcelain,1
General Portugal,1
General Prize law,1
General Proclamations,1
General Protestants,1
General Ready-reckoners,2
General Russia,1
General Rycaut,1
General Salt,1
General Salvation,1
General San Sebastiíçn (Spain),1
General Scotland,32
General Session laws,16
General Slave trade,1
General South America,1
General South Carolina,1
General Soviet Union,1
General Spain,2
General Spanish Succession,6
General Speeches,1
General Switzerland,1
General Taiwan,1
General Tangier (Morocco),2
General Tax remission,2
General Textile industry,1
General Travel,1
General Travelers,2
General Treat of Breda,1
General Treaty of Breda,2
General Treaty of Utrecht,2
General Tryon,1
General Turkey,2
General Tuscany (Italy),1
General Utopias,1
General Vietnam,1
General Voyages and travels,2
General Voyages around the world,1
General Warehouse receipts,1
General Weights and measures,2
General Whig Party (Great Britain),3
General Wilmer,1
General Wool industry,1
General Wren,1
George,11111111
George Digby,1
George Savile,1
George Seton,1
George Villiers,1
Gilbert,12
Giulio,1
Great Britain,19
Henri de Massue,2
Henry,111
Henry Howard,1
Hernando de,1
Hugh,12
Humphrey,2121
Imaginary,11
Imprisonment for,11125
Industrial arts,1
J.,1
Jacob,11
James,1112123111121
James Butler,1111
James Hamilton,1
Jean Baptiste,11
Jeronimy,4
Jewish,2
John,11111111111112311121111211311112211111117311151111121111111141
John Cecil,1
John Churchill,26
John Holles,1
John Somers,2
John Thompson,11
Jonathan,22
Joseph,1
Joseph Juste,1
Josiah,211
Jules,1
Laurence,1
Laurence Fiennes,1
Life,5
London,1
Lothian),1
Louis,1
Marine,10
Maritime (International law),1
Marriages,1
Mary,1
Matlock ... in the county of Derby,1
Matthew,113
Military,1
Miscellaneous,3
Miscellaneous A. A. (True son of the Church of England),1
Miscellaneous Alberoni,1
Miscellaneous Almanacs,1
Miscellaneous Amnesty,1
Miscellaneous Ancients and moderns,1
Miscellaneous Anglo-Dutch War,1
Miscellaneous Anne,1
Miscellaneous Apprentices,1
Miscellaneous Arabic fiction,1
Miscellaneous Asgill,2
Miscellaneous Barnardiston,1
Miscellaneous Bees,1
Miscellaneous Beverages,1
Miscellaneous Bible,1
Miscellaneous Blasphemy,1
Miscellaneous Bridgeman,1
Miscellaneous Building laws,1
Miscellaneous Burial laws,1
Miscellaneous Burnet,1
Miscellaneous Business ethics,1
Miscellaneous Businessmen,1
Miscellaneous Carew,1
Miscellaneous Catholic Church,6
Miscellaneous Catholics,1
Miscellaneous Charles,2
Miscellaneous Charteris,6
Miscellaneous Christian life,3
Miscellaneous Christianity,2
Miscellaneous Christianity and law,1
Miscellaneous Church and state,3
Miscellaneous Church lands,1
Miscellaneous Church maintenance and repair,2
Miscellaneous Church of England,13
Miscellaneous Church of Scotland,4
Miscellaneous City of London (England),7
Miscellaneous Civil law,1
Miscellaneous Claxton,1
Miscellaneous Clewer,2
Miscellaneous Clothing and dress,1
Miscellaneous Clothing trade,1
Miscellaneous Coffee,2
Miscellaneous Commissions of array,1
Miscellaneous Concord,1
Miscellaneous Conduct of life,2
Miscellaneous Consanguinity,1
Miscellaneous Constables,2
Miscellaneous Conveyancing,1
Miscellaneous Coppe,1
Miscellaneous Coronations,1
Miscellaneous Coroners,2
Miscellaneous Corporation law,1
Miscellaneous Cottington,11
Miscellaneous County courts,1
Miscellaneous Courts,2
Miscellaneous Courts baron and courts leet,1
Miscellaneous Cranford,1
Miscellaneous Criminal justice,1
Miscellaneous Currency question,3
Miscellaneous Customs administration,1
Miscellaneous Death,1
Miscellaneous Debt,1
Miscellaneous Deism,1
Miscellaneous Dispensations (Canon law),1
Miscellaneous Dispensations (Canon laws),1
Miscellaneous Dissenters,3
Miscellaneous Douglas,1
Miscellaneous Duke of Anjou's succession considered as to its legality and consequences,1
Miscellaneous Dutch War,4
Miscellaneous Edinburgh (Scotland),1
Miscellaneous Edwards,1
Miscellaneous Elections,1
Miscellaneous England,3
Miscellaneous England and Wales,34
Miscellaneous English drama (Comedy),1
Miscellaneous English essays,4
Miscellaneous English language,2
Miscellaneous Episcopacy,1
Miscellaneous Equity pleading and procedure,1
Miscellaneous Europe,1
Miscellaneous Fables,1
Miscellaneous Fasts and feasts,13
Miscellaneous Finance,2
Miscellaneous Fires,5
Miscellaneous Flags,1
Miscellaneous Forgiveness of sin,1
Miscellaneous Fowler,1
Miscellaneous France,1
Miscellaneous Free will and determinism,1
Miscellaneous Freedom of religion,1
Miscellaneous Freedom of the press,2
Miscellaneous Gambling,1
Miscellaneous Games of chance (Mathematics),1
Miscellaneous George,1
Miscellaneous God,3
Miscellaneous Godolphin,2
Miscellaneous Goodwin,1
Miscellaneous Gordon,2
Miscellaneous Grand Alliance,1
Miscellaneous Great Britain,43
Miscellaneous Gresham College,1
Miscellaneous Hampden,1
Miscellaneous Haversham,1
Miscellaneous Helmont,1
Miscellaneous Henry,1
Miscellaneous Heylyn,1
Miscellaneous Hickeringill,1
Miscellaneous Hoadly,1
Miscellaneous Hody,1
Miscellaneous Huguenots,1
Miscellaneous Hunt,1
Miscellaneous Hydrostatics,1
Miscellaneous Indulgences,1
Miscellaneous Industrial arts,1
Miscellaneous Insurance,1
Miscellaneous Ireland,1
Miscellaneous Judgment Day,1
Miscellaneous Justice,2
Miscellaneous Justices of the peace,1
Miscellaneous Knollys peerage claim,1
Miscellaneous La Hogue,1
Miscellaneous Lambert,1
Miscellaneous Lancashire (England),1
Miscellaneous Land tenure,1
Miscellaneous Latin language,1
Miscellaneous Leather industry and trade,1
Miscellaneous Legal documents,1
Miscellaneous Legitimacy of governments,1
Miscellaneous Letter to a member of Parliament concerning the four regiments commonly called Mariners,1
Miscellaneous Levellers,2
Miscellaneous Lewes,1
Miscellaneous Liberty of conscience,1
Miscellaneous London (England),19
Miscellaneous Longitude,1
Miscellaneous Lotteries,1
Miscellaneous Loyalty oaths,1
Miscellaneous Macclesfield,2
Miscellaneous Manners and customs,1
Miscellaneous Marines,1
Miscellaneous Maritime law,1
Miscellaneous Markets,1
Miscellaneous Marriage customs and rites,1
Miscellaneous Mary,1
Miscellaneous Massacres,1
Miscellaneous Maynwaring,1
Miscellaneous Merke,1
Miscellaneous Military art and science,1
Miscellaneous Missions,1
Miscellaneous Moderation,1
Miscellaneous Monetary policy,1
Miscellaneous Money,1
Miscellaneous Municipal government,1
Miscellaneous Natural law,1
Miscellaneous Natural theology,2
Miscellaneous Netherlands,1
Miscellaneous Newfoundland and Labrador,1
Miscellaneous Nonjurors,1
Miscellaneous Nottingham (England),1
Miscellaneous Oakeford,1
Miscellaneous Oaths,1
Miscellaneous Omnia comesta íæ Belo,1
Miscellaneous Ormonde,1
Miscellaneous Pageants,1
Miscellaneous Papillon,1
Miscellaneous Patronage,3
Miscellaneous Pery,1
Miscellaneous Philadelphian Society (London,1
Miscellaneous Pillage,1
Miscellaneous Pirates,1
Miscellaneous Plague,1
Miscellaneous Political satire,1
Miscellaneous Popish Plot,1
Miscellaneous Press,1
Miscellaneous Prophecy (Christianity),1
Miscellaneous Protestantism,1
Miscellaneous Quakers,1
Miscellaneous Religious gatherings,1
Miscellaneous Rome (Italy),1
Miscellaneous Royal houses,1
Miscellaneous Russia,1
Miscellaneous Sadler,1
Miscellaneous Sailors,4
Miscellaneous Saint Giles in the Fields Parish Church (London,1
Miscellaneous Sancroft,1
Miscellaneous Saving and investment,1
Miscellaneous Scaliger,1
Miscellaneous Schism,1
Miscellaneous Scotland,2
Miscellaneous Scrofula,1
Miscellaneous Searches and seizures,2
Miscellaneous Sharp,1
Miscellaneous Sheriffs,4
Miscellaneous Sherlock,3
Miscellaneous Simony (Canon law),1
Miscellaneous Sin,1
Miscellaneous Skippon,1
Miscellaneous Smith,2
Miscellaneous Societies for the Reformation of Manners,1
Miscellaneous Society of Friends,2
Miscellaneous Solitude,1
Miscellaneous Somers,2
Miscellaneous Soul,1
Miscellaneous South Sea Company,3
Miscellaneous Sovereign of the Seas (Ship),1
Miscellaneous Spain,1
Miscellaneous Spanish Succession,1
Miscellaneous St. Leger de Bacalan,1
Miscellaneous St. Mary Woolnoth (Church : London,2
Miscellaneous St. Nicholas,1
Miscellaneous Standing army,12
Miscellaneous Stillingfleet,1
Miscellaneous Stout,2
Miscellaneous Taxes,2
Miscellaneous Tea,1
Miscellaneous Technology,1
Miscellaneous Tenison,1
Miscellaneous Terms of court,1
Miscellaneous Tithes,5
Miscellaneous Tombes,1
Miscellaneous Tranchard,1
Miscellaneous Trenchard,7
Miscellaneous Tryon,1
Miscellaneous University of Cambridge,1
Miscellaneous Viner,1
Miscellaneous Voyages,1
Miscellaneous Walef,1
Miscellaneous War (Philosophy),1
Miscellaneous Wealth,2
Miscellaneous Westminster Assembly,1
Miscellaneous William,4
Miscellaneous Wiseman,1
Miscellaneous Wives,2
Miscellaneous Worcester,1
Miscellaneous Work,1
Miscellaneous Writ of error,1
Morrice,1
Municipal,1
Nathaniel,1111
Naval and marine,1
Nicholas,1
Oliver,114
Orlando,1
Patrick,1111
Paul,1
Peace of,1
Personal,21
Peter,11
Philip,11
Pierce Butler,1
Politics Abercromby,1
Politics Algeria,1
Politics Allegiance,3
Politics Amnesty,2
Politics Anglo-Dutch War,2
Politics Anglo-French War,1
Politics Anglo-Spanish War,1
Politics Anstruther,31
Politics Aphorisms and apothegms,1
Politics Appellate procedure,1
Politics Apprentices,1
Politics Argyll,1
Politics Arms and armor,1
Politics Atterbury,1
Politics Barrier treaty,7
Politics Barrier-treaty vindicated,1
Politics Barton,1
Politics Bristol,1
Politics Buckingham,1
Politics Buckley,1
Politics Burnet,21
Politics Butler,1
Politics Catholic Church,3
Politics Catholics,6
Politics Censorship,1
Politics Charles,6
Politics Church and state,9
Politics Church history,1
Politics Church of England,3
Politics Church of Scotland,2
Politics Church renewal,2
Politics City of London (England),2
Politics Colbert,1
Politics Concini,1
Politics Conduct of life,1
Politics Congregational churches,1
Politics Conspiracies,4
Politics Cook,1
Politics Corporation law,1
Politics Craven,1
Politics Crime and criminals,1
Politics Crisp,1
Politics Cromwell,4
Politics Customs administration,1
Politics Davenant,1
Politics Davenart,1
Politics Debtor and creditor,1
Politics Defoe,6
Politics Despotism,1
Politics Detention of persons,1
Politics Dissenters,112
Politics Divine right of kings,3
Politics Drake,2
Politics Dundas,1
Politics Dunkerque (France),3
Politics Dutch War,6
Politics England,8
Politics England and Wales,65
Politics English merchant,1
Politics Episcopacy,1
Politics Europe,5
Politics European federation,1
Politics Examination of The management of the war,1
Politics Fairfax,1
Politics Favorites,1
Politics Fens,1
Politics Filmer,1
Politics Finance,1
Politics Fleetwood,1
Politics Foreign enlistment,1
Politics France,10
Politics Francia,1
Politics Gadbury,1
Politics Galway,2
Politics George,1
Politics Godfrey,2
Politics Government,4
Politics Grand Alliance,1
Politics Great Britain,200
Politics Gregg,1
Politics Grierson,1
Politics Griffin of Braybrooke,1
Politics Guinea,1
Politics Gyllenborg,1
Politics Hales,1
Politics Halifax,1
Politics Hamilton,1
Politics Hampden,1
Politics Harington,1
Politics Harrington,3
Politics Haversham,1
Politics Holland (Netherlands : Provinces),1
Politics Huguenots,2
Politics Insurgency,2
Politics Intendants,1
Politics International law,2
Politics Ireland,14
Politics Jacobites,1
Politics James,4
Politics Judicial error,1
Politics Justices of the peace,1
Politics Kalmar,1
Politics Kent (England),1
Politics Lambert,1
Politics Land tenure,2
Politics Land titles,2
Politics Law,4
Politics Law reform,1
Politics Leeds,1
Politics Legislative journals,2
Politics Legitimacy of governments,3
Politics Letter from Monsieur *** to Monsieur ***,1
Politics Levellers,11
Politics Liberty,2
Politics Lilburne,5
Politics Livingston,1
Politics London (England),5
Politics Louisiana,1
Politics Loyalty oaths,1
Politics Ludlow,1
Politics Mackenzie,1
Politics Malt,1
Politics Marlborough,6
Politics Masaniello,1
Politics Massacres,1
Politics Massey,1
Politics Maynwaring,1
Politics Mazarin,1
Politics Merchants,1
Politics Military offenses,1
Politics Milton,1
Politics Mocket,1
Politics Mogul Empire,1
Politics Molesworth,1
Politics Molyneux,3
Politics Monarchy,7
Politics Montagu,1
Politics Montgomery,1
Politics Murray,1
Politics Naples (Kingdom),1
Politics Natural law,1
Politics Navigation,1
Politics Netherlands,12
Politics New Caledonia (Colony),1
Politics Newark (Nottinghamshire,1
Politics Nijmegen,1
Politics Northumberland,1
Politics Oaths,1
Politics Order of the Garter,1
Politics Ormonde,1
Politics Oxford,8
Politics Oxford almanack for the year of our Lord God 1712,1
Politics Pardon,3
Politics Parker,1
Politics Paul,1
Politics Peace,1
Politics Penal laws (against nonconformists),1
Politics Penn,1
Politics Peterborough,1
Politics Political corruption,1
Politics Political parties,1
Politics Political satire,2
Politics Political science,12
Politics Popish Plot,18
Politics Portugal,1
Politics Povey,1
Politics Preaching,1
Politics Prerogative,2
Politics Press law,1
Politics Price,1
Politics Prior,1
Politics Protestants,4
Politics Providence and government of God,1
Politics Prynne,1
Politics Public officers,1
Politics Quakers,1
Politics Religion and law,1
Politics Representative government and representation,2
Politics Republics,7
Politics Ridpath,1
Politics Riots,1
Politics Robert,1
Politics Royal supremacy (Church of England),1
Politics Royalists,1
Politics Rumsey,1
Politics Sacheverell,1
Politics Scotland,68
Politics Seditious libel,3
Politics Seizure of vessels and cargoes,1
Politics Shaftesbury,1
Politics Sheppard,1
Politics Sheridan,1
Politics Sheriffs,1
Politics Short history of the convention or new christened Parliament,1
Politics Shrewsbury,1
Politics Smith,1
Politics Smoke prevention,1
Politics Solemn League and Covenant,2
Politics South Sea Company,1
Politics Spain,5
Politics Spanish Succession,30
Politics State,1
Politics Statesmen,1
Politics Stawell,1
Politics Steele,3
Politics Stewart,1
Politics Strafford,1
Politics Suffolk,1
Politics Sweden,2
Politics Swift,2
Politics Taxation,2
Politics Test act,4
Politics Thompson,1
Politics Tindal,3
Politics Tithes,3
Politics Toland,2
Politics Townshend,1
Politics Translation to heaven,1
Politics Treason,2
Politics Treaties,1
Politics Treaty of Utrecht (1713),4
Politics True member of the Church of England,1
Politics Utopias,4
Politics Vans,1
Politics Venice (Italy),1
Politics Voyages,1
Politics Walwyn,1
Politics War,2
Politics Warwickshire (England),1
Politics Webster,1
Politics Whalley,1
Politics Wharton,1
Politics Whig Party (Great Britain),4
Politics Wiltshire (England),1
Politics Winton,1
Politics Yonge,1
Polycarpus,1
Population Children (Christian theology),1
Population Debt,1
Population Dublin (Ireland),2
Population Food supply,1
Population London (England),13
Population Mortality,7
Population Plague,2
Population Population,2
Population Registers of births,3
Public,1111546512212
Quarrel of,1
Religious,3124
Resistance to,42
Retail,1
Richard,1111113111
Richard Jones,2
Right of,1
River (England),1
River (Wales and England),1
Robert,12311111
Robert Bertie,1
Robert Devereux,1
Robert Harley,8
Robert Molesworth,1
Roderick,1
Roger,1
Royal,112
Sackvile,1
Samuel,211111
Sarah,2
Scottish,1
Shepard,3
Ship mortgage,1
Simon,4
Slavery Great Britain,1
Slavery Jamaica,1
Slavery Kidnapping,1
Slavery Prisoners,1
Slavery Royal African Company,2
Slavery Slave trade,2
Slavery Slavery and the church,1
Slingsby,1
Social Conditions,3
Social Conditions Abstract of the state of the work-house for maintaining of the poor of the city of Dublin,1
Social Conditions Alcoholic beverages,1
Social Conditions Alcoholism,1
Social Conditions Aliens,1
Social Conditions Almshouses,10
Social Conditions Anglo-Dutch War,1
Social Conditions Antisemitism,1
Social Conditions Apprentices,4
Social Conditions Arnold,1
Social Conditions Assault and battery,1
Social Conditions Bailiffs,1
Social Conditions Bankruptcy,4
Social Conditions Bars (Drinking establishments),1
Social Conditions Bowles,2
Social Conditions Brigands and robbers,3
Social Conditions Building laws,1
Social Conditions Building permits,2
Social Conditions Business enterprises,1
Social Conditions Business ethics,1
Social Conditions Calamy,1
Social Conditions Calvin,1
Social Conditions Cambell,1
Social Conditions Catholic Church,2
Social Conditions Catholics,18
Social Conditions Censorship,1
Social Conditions Charitable Corporation (London,1
Social Conditions Charitable Fund (London,3
Social Conditions Charitable uses,1
Social Conditions Charities,3
Social Conditions Charity,7
Social Conditions Charity-schools,16
Social Conditions Charles,2
Social Conditions Christian giving,1
Social Conditions Christian life,1
Social Conditions Christianity,1
Social Conditions Christmas,1
Social Conditions Church libraries,2
Social Conditions Church maintenance and repair,2
Social Conditions Church of England,4
Social Conditions Cities and towns,2
Social Conditions Civics,1
Social Conditions Coach drivers,1
Social Conditions Coffeehouses,3
Social Conditions Colman,1
Social Conditions Conduct of life,1
Social Conditions Constables,3
Social Conditions Cooperation,3
Social Conditions Corporation for Relief of Poor Widows and Children of Clergy-men,2
Social Conditions Crime prevention,1
Social Conditions Criminal law,2
Social Conditions Customary law,2
Social Conditions Dangerfield,1
Social Conditions Dawson,1
Social Conditions Debt,125
Social Conditions Debt relief,6
Social Conditions Debtor and creditor,5
Social Conditions Debts,2
Social Conditions Disaster relief,1
Social Conditions Disorderly conduct,1
Social Conditions Dispensaries,1
Social Conditions Dissenters,4
Social Conditions Dueling,3
Social Conditions Dundass,1
Social Conditions Dunes,1
Social Conditions Ecclesiastical courts,1
Social Conditions Education,6
Social Conditions Endowments,1
Social Conditions England,2
Social Conditions England and Wales,11
Social Conditions Fasts and feasts,4
Social Conditions Finance,1
Social Conditions Fire extinction,1
Social Conditions Fire prevention,4
Social Conditions Firecrackers,1
Social Conditions Fires,3
Social Conditions Firmin,1
Social Conditions Fisheries,1
Social Conditions Fleet Prison (London,1
Social Conditions Fraudulent conveyances,1
Social Conditions Friendly Society for Widows (London,1
Social Conditions Fuelwood cutting,1
Social Conditions Game laws,1
Social Conditions Gerrard,1
Social Conditions Gifford,1
Social Conditions Government,2
Social Conditions Governors for the Poor (London,4
Social Conditions Governors of Queen Anne's Bounty (Great Britain),2
Social Conditions Gravesend (Kent,1
Social Conditions Great Britain,39
Social Conditions Grey-Coat Hospital (London,1
Social Conditions Hartlib,1
Social Conditions Holidays,1
Social Conditions Home economics,2
Social Conditions Hospitals,31
Social Conditions Hotels,2
Social Conditions Housing,1
Social Conditions Huguenots,2
Social Conditions Impressment,2
Social Conditions Jacobites,1
Social Conditions James,2
Social Conditions Jermyn,1
Social Conditions Jesuits,5
Social Conditions Jews,3
Social Conditions Justice,6
Social Conditions Justices of the peace,5
Social Conditions Kinner,1
Social Conditions La Chapelle,1
Social Conditions Learning and scholarship,1
Social Conditions Legal ethics,1
Social Conditions Lent,1
Social Conditions Letters of credit,1
Social Conditions Levellers,1
Social Conditions Licenses,1
Social Conditions Lilburne,1
Social Conditions Liquor industry,1
Social Conditions Local government,1
Social Conditions London (England),6
Social Conditions London Region (England),1
Social Conditions London Work-house,3
Social Conditions Lotteries,1
Social Conditions Luxuries,1
Social Conditions Markets,1
Social Conditions Marriage,1
Social Conditions Master and servant,1
Social Conditions Meat industry and trade,4
Social Conditions Medicine,2
Social Conditions Mental retardation,1
Social Conditions Merret,2
Social Conditions Messenger,1
Social Conditions Military discipline,1
Social Conditions Money,1
Social Conditions Morocco,1
Social Conditions Naturalization,5
Social Conditions Naval discipline,1
Social Conditions Newey,1
Social Conditions Nobility,1
Social Conditions Northampton (England),1
Social Conditions Nuisances,2
Social Conditions Occupational diseases,1
Social Conditions Orphanages,1
Social Conditions Orphans,1
Social Conditions Orphans-Fund (London,1
Social Conditions Pageants,1
Social Conditions Palatines,3
Social Conditions Pawnbroking,1
Social Conditions Pemberton,2
Social Conditions Penal laws (against nonconformists),3
Social Conditions Perkins,12
Social Conditions Petition,1
Social Conditions Pharmacists,2
Social Conditions Pickpockets,1
Social Conditions Pilkington,1
Social Conditions Pillage,1
Social Conditions Plague,11
Social Conditions Police,1
Social Conditions Political science,1
Social Conditions Poor,23
Social Conditions Poor laws,21
Social Conditions Popish Plot,4
Social Conditions Postal service,3
Social Conditions Postmasters,1
Social Conditions Poverty (Virtue),1
Social Conditions Powell,1
Social Conditions Price regulation,1
Social Conditions Prisoners,2
Social Conditions Prisons,1
Social Conditions Protestants,1
Social Conditions Public service employment,1
Social Conditions Public welfare,9
Social Conditions Public welfare administration,1
Social Conditions Readers (Primary),1
Social Conditions Recipes,4
Social Conditions Reformation,1
Social Conditions Religious refugees,1
Social Conditions Rental housing,1
Social Conditions Respect for persons,1
Social Conditions Riot control,2
Social Conditions Riots,3
Social Conditions Robbery,4
Social Conditions Rogues and vagabonds,1
Social Conditions Royal College of Physicians of London,1
Social Conditions Royal Hospital for Seamen at Greenwich,1
Social Conditions Royalists,1
Social Conditions Sailors,5
Social Conditions Saint Germain,1
Social Conditions Sale of public office,1
Social Conditions Sand and gravel industry,1
Social Conditions Scurvy,1
Social Conditions Second Society of Assurance of Widows and Orphans,1
Social Conditions Seminarians,1
Social Conditions Sermons,2
Social Conditions Sewerage,1
Social Conditions Sheriffs,1
Social Conditions Ships,1
Social Conditions Sion College,1
Social Conditions Snow,1
Social Conditions Society in Scotland for Propagating Christian Knowledge,1
Social Conditions Soldiers,3
Social Conditions Spain,1
Social Conditions Spanish Succession,1
Social Conditions St. Bartholomew's Hospital (London,1
Social Conditions Street cleaning,2
Social Conditions Sumptuary laws,1
Social Conditions Sunday legislation,3
Social Conditions Survivors' benefits,1
Social Conditions Swindlers and swindling,1
Social Conditions Taxation,3
Social Conditions Terms of court,2
Social Conditions Theater audiences,1
Social Conditions Thieves,2
Social Conditions Tithes,1
Social Conditions Tobacco habit,1
Social Conditions Urban policy,1
Social Conditions Veterans,31
Social Conditions Vocational education,1
Social Conditions Vocational guidance,1
Social Conditions Wages,1
Social Conditions Water-supply,2
Social Conditions Waterman and Lightermen of the River Thames (Guild),1
Social Conditions Wealth,1
Social Conditions Westminster (London,1
Social Conditions Whinnell,1
Social Conditions Wilmer,1
Social Conditions Winchcombe,1
Social Conditions Wine and wine making,1
Social Conditions Women domestics,1
Social Conditions Woofe,1
Social Conditions Wool industry,1
Social Conditions Work ethic,1
Social Conditions Workhouses,1
Social Conditions Writ of debt,1
Stephen,11
The,1
Thomas,11121121121111112111111111111
Thomas Fairfax,1
Thomas Osborne,1
Thomas Wentworth,11
Thomas Wharton,1
Trade-unions,1
Trades and Manufactures,2
Trades and Manufactures  Coinage,1
Trades and Manufactures Almshouses,1
Trades and Manufactures Apprentices,1
Trades and Manufactures Army-Navy stores,1
Trades and Manufactures Asgill,1
Trades and Manufactures Atkins,1
Trades and Manufactures Bedle,1
Trades and Manufactures Berkshire (England),1
Trades and Manufactures Beverages,1
Trades and Manufactures Brass industry and trade,1
Trades and Manufactures Brewing,1
Trades and Manufactures Bricklaying,1
Trades and Manufactures Building,5
Trades and Manufactures Building laws,3
Trades and Manufactures Building permits,1
Trades and Manufactures Business,1
Trades and Manufactures Button industry,4
Trades and Manufactures Calico-printing,2
Trades and Manufactures Candlemaking,1
Trades and Manufactures Carpentry,1
Trades and Manufactures Case of the woollen and silk manufactures in Great-Britain,1
Trades and Manufactures Charity-schools,1
Trades and Manufactures Cities and towns,1
Trades and Manufactures City of London (England),1
Trades and Manufactures City planning,1
Trades and Manufactures Clock and watch making,5
Trades and Manufactures Clothing trade,3
Trades and Manufactures Clothworkers' Company (London,1
Trades and Manufactures Coal,1
Trades and Manufactures Company of Distillers of London,1
Trades and Manufactures Company of Innholders (London,1
Trades and Manufactures Company of Merchant Adventurers of England,1
Trades and Manufactures Comprehension,1
Trades and Manufactures Constables,2
Trades and Manufactures Copper industry and trade,2
Trades and Manufactures Cordage industry,1
Trades and Manufactures Corporation of Butchers in Edinburgh,1
Trades and Manufactures Corporation of Shipwrights of England (London,1
Trades and Manufactures Crown lands,1
Trades and Manufactures Defoe,3
Trades and Manufactures Distillation,3
Trades and Manufactures Distilleries,1
Trades and Manufactures Dye industry,1
Trades and Manufactures Dyes and dyeing,3
Trades and Manufactures Economic development,1
Trades and Manufactures Encyclopedias and dictionaries,1
Trades and Manufactures England and Wales,3
Trades and Manufactures Flax industry,1
Trades and Manufactures Forms (Law),1
Trades and Manufactures Glass manufacture,3
Trades and Manufactures Gold,2
Trades and Manufactures Goldwork,1
Trades and Manufactures Great Britain,7
Trades and Manufactures Guilds,1
Trades and Manufactures Gunpowder,1
Trades and Manufactures Haines,1
Trades and Manufactures Hemp industry,1
Trades and Manufactures Heraldry,1
Trades and Manufactures House construction,1
Trades and Manufactures Hutchinson,4
Trades and Manufactures Hydraulic engineering,2
Trades and Manufactures Industrial arts,4
Trades and Manufactures Inventions,1
Trades and Manufactures Iron industry and trade,3
Trades and Manufactures Joinery,1
Trades and Manufactures Justice,1
Trades and Manufactures Lamps,1
Trades and Manufactures Law,1
Trades and Manufactures Leather industry and trade,1
Trades and Manufactures Linen industry,7
Trades and Manufactures Liquors,1
Trades and Manufactures London (England),1
Trades and Manufactures Malt industry,1
Trades and Manufactures Mechanical engineering,1
Trades and Manufactures Merchant,1
Trades and Manufactures Mind and body,1
Trades and Manufactures Mirrors,1
Trades and Manufactures Naval architecture,1
Trades and Manufactures Oil industries,1
Trades and Manufactures Oilseed plants,1
Trades and Manufactures Opium poppy,1
Trades and Manufactures Painting,1
Trades and Manufactures Paper industry,1
Trades and Manufactures Pawnbroking,1
Trades and Manufactures Peddlers and peddling,1
Trades and Manufactures Pewter,1
Trades and Manufactures Pharmacists,1
Trades and Manufactures Pitch,1
Trades and Manufactures Plumbers,1
Trades and Manufactures Poor,1
Trades and Manufactures Printing,1
Trades and Manufactures Pumping machinery,1
Trades and Manufactures Quiltmakers,1
Trades and Manufactures Reasons for reviving and continuing the Act for the Regulation of Printing,1
Trades and Manufactures Recipes,1
Trades and Manufactures Rendering apparatus,1
Trades and Manufactures Royal College of Physicians of London,1
Trades and Manufactures Royal Lustring Company (London,2
Trades and Manufactures Sail-Cloth Manufactory (Edinburgh,1
Trades and Manufactures Salt,3
Trades and Manufactures Salt industry and trade,3
Trades and Manufactures Saltpeter,1
Trades and Manufactures Science,1
Trades and Manufactures Sea-water,2
Trades and Manufactures Sheet-lead,1
Trades and Manufactures Shipbuilding,2
Trades and Manufactures Shipbuilding industry,1
Trades and Manufactures Shoe industry,1
Trades and Manufactures Short view of the business between the clothier and stapler,1
Trades and Manufactures Silk industry,3
Trades and Manufactures Silver industry,2
Trades and Manufactures Slide-rule,1
Trades and Manufactures Soap,2
Trades and Manufactures Soap trade,3
Trades and Manufactures Society of Apothecaries,1
Trades and Manufactures St. Paul's Cathedral (London,2
Trades and Manufactures Starch industry,2
Trades and Manufactures Street lighting,1
Trades and Manufactures Swift,2
Trades and Manufactures Tailors,1
Trades and Manufactures Tariff on paper,1
Trades and Manufactures Tariff on textile fabrics,1
Trades and Manufactures Taxation,1
Trades and Manufactures Textile fabrics,1
Trades and Manufactures Textile industry,11
Trades and Manufactures Textile printing,2
Trades and Manufactures Thread,1
Trades and Manufactures Tin industry,1
Trades and Manufactures Wages,1
Trades and Manufactures Walker,1
Trades and Manufactures Watermen's Company (London,1
Trades and Manufactures Weavers,1
Trades and Manufactures Weaving,1
Trades and Manufactures Wharton,1
Trades and Manufactures Wine and wine making,1
Trades and Manufactures Wire,2
Trades and Manufactures Wool industry,35
Trades and Manufactures Wool-carding,5
Trades and Manufactures Woolen and worsted manufacture,1
Trades and Manufactures Woolen and worsted weaving,1
Trades and Manufactures Worshipful Company of Weavers (London,2
Training of,1
Transport Avon River (Wiltshire-Hampshire,1
Transport Beacons,1
Transport Blunt,1
Transport Boswell,1
Transport Cab and omnibus service,5
Transport Canals,1
Transport Carriages and carts,7
Transport Carriers,2
Transport Coach drivers,4
Transport Coaching,1
Transport Dams,1
Transport Docks,1
Transport Drainage,1
Transport Dredging,1
Transport Fielder,1
Transport Ford,1
Transport Freight and freightage,2
Transport Great Britain,5
Transport Harbors,2
Transport Highway law,1
Transport Inland navigation,4
Transport Inland water transportation,1
Transport Labor unions,1
Transport Levees,4
Transport Rivers,1
Transport Roads,8
Transport Shipment of goods,1
Transport Shipping,2
Transport Thames River (England),3
Transport Toll roads,2
Transport Transportation,2
Transport Travel,1
Transport Trent,1
Transport Voyages and travels,1
Transport Worshipful Company of Carmen of London,1
Union of,1
Walter,1111
War of,97161301
War of the,2411
West,1
William,11127112118212131111311111
William Craven,1
William de la Pole,1
Worcester,1
addresses,1
and Company,3
and Servants (London,1
and do my prophets no harm),1
and foundations,11
and other inhabitants in the county of Wilts,1
clergy,1
documents,1
etc.,1113
free-holders,1
freeholders of the county of Dublin,1
from obliging the South-Sea Company to fix what capital stock they will give for the annuities,1
gentlemen,1
grand jury,1
justices of the peace,1
the Patriarch,1
trusts,11
vade-mecums,1
